{
  "$schema": "https://developer.microsoft.com/json-schemas/fabric/item/report/definition/visualContainer/2.3.0/schema.json",
  "name": "c8c46cfdd1632255302e",
  "position": {
    "x": 4.5819832368991049,
    "y": 20.844778322013397,
    "z": 937,
    "height": 282.56358087487286,
    "width": 35.157680569684636,
    "tabOrder": 2000
  },
  "visual": {
    "visualType": "shape",
    "objects": {
      "shape": [
        {
          "properties": {
            "tileShape": {
              "expr": {
                "Literal": {
                  "Value": "'line'"
                }
              }
            },
            "linecapType": {
              "expr": {
                "Literal": {
                  "Value": "'flat'"
                }
              }
            }
          }
        }
      ],
      "rotation": [
        {
          "properties": {
            "shapeAngle": {
              "expr": {
                "Literal": {
                  "Value": "90L"
                }
              }
            },
            "angle": {
              "expr": {
                "Literal": {
                  "Value": "0D"
                }
              }
            },
            "textAngle": {
              "expr": {
                "Literal": {
                  "Value": "0L"
                }
              }
            }
          }
        }
      ]
    },
    "visualContainerObjects": {
      "general": [
        {
          "properties": {
            "keepLayerOrder": {
              "expr": {
                "Literal": {
                  "Value": "true"
                }
              }
            }
          }
        }
      ]
    }
  },
  "parentGroupName": "36ecc00a5dcb97402a67",
  "howCreated": "InsertVisualButton"
}