{
  "$schema": "https://developer.microsoft.com/json-schemas/fabric/item/report/definition/report/3.0.0/schema.json",
  "themeCollection": {
    "baseTheme": {
      "name": "Navy",
      "reportVersionAtImport": {
        "visual": "1.8.39",
        "report": "2.0.39",
        "page": "1.3.39"
      },
      "type": "SharedResources"
    },
    "customTheme": {
      "name": "Navy.json",
      "reportVersionAtImport": {
        "visual": "1.8.40",
        "report": "2.0.40",
        "page": "1.3.40"
      },
      "type": "RegisteredResources"
    }
  },
  "objects": {
    "section": [
      {
        "properties": {
          "verticalAlignment": {
            "expr": {
              "Literal": {
                "Value": "'Top'"
              }
            }
          }
        }
      }
    ],
    "outspacePane": [
      {
        "properties": {
          "visible": {
            "expr": {
              "Literal": {
                "Value": "false"
              }
            }
          },
          "expanded": {
            "expr": {
              "Literal": {
                "Value": "false"
              }
            }
          }
        }
      }
    ]
  },
  "publicCustomVisuals": [
    "simpleImageEBC4593F96F1425FB3D84C5BF02B5075"
  ],
  "resourcePackages": [
    {
      "name": "SharedResources",
      "type": "SharedResources",
      "items": [
        {
          "name": "Navy",
          "path": "BaseThemes/Navy.json",
          "type": "BaseTheme"
        }
      ]
    },
    {
      "name": "RegisteredResources",
      "type": "RegisteredResources",
      "items": [
        {
          "name": "Navy.json",
          "path": "Navy.json",
          "type": "CustomTheme"
        },
        {
          "name": "frame-1.svg",
          "path": "frame-1.svg",
          "type": "Image"
        },
        {
          "name": "frame-4.svg",
          "path": "frame-4.svg",
          "type": "Image"
        },
        {
          "name": "frame-3.svg",
          "path": "frame-3.svg",
          "type": "Image"
        },
        {
          "name": "frame-2.svg",
          "path": "frame-2.svg",
          "type": "Image"
        }
      ]
    }
  ],
  "settings": {
    "useStylableVisualContainerHeader": true,
    "defaultFilterActionIsDataFilter": true,
    "allowChangeFilterTypes": true,
    "useEnhancedTooltips": true,
    "useDefaultAggregateDisplayName": true
  }
}