{
  "$schema": "https://developer.microsoft.com/json-schemas/fabric/item/report/definition/visualContainer/2.3.0/schema.json",
  "name": "bf21a46f34b194df59c7",
  "position": {
    "x": 25.416164315230741,
    "y": 41.678959400345036,
    "z": 875,
    "height": 247.4059003051882,
    "width": 23.438453713123092
  },
  "visual": {
    "visualType": "shape",
    "objects": {
      "shape": [
        {
          "properties": {
            "tileShape": {
              "expr": {
                "Literal": {
                  "Value": "'line'"
                }
              }
            },
            "linecapType": {
              "expr": {
                "Literal": {
                  "Value": "'flat'"
                }
              }
            }
          }
        }
      ],
      "rotation": [
        {
          "properties": {
            "shapeAngle": {
              "expr": {
                "Literal": {
                  "Value": "90L"
                }
              }
            },
            "angle": {
              "expr": {
                "Literal": {
                  "Value": "0D"
                }
              }
            },
            "textAngle": {
              "expr": {
                "Literal": {
                  "Value": "0L"
                }
              }
            }
          }
        }
      ]
    },
    "visualContainerObjects": {
      "general": [
        {
          "properties": {
            "keepLayerOrder": {
              "expr": {
                "Literal": {
                  "Value": "true"
                }
              }
            }
          }
        }
      ]
    }
  },
  "parentGroupName": "9907d62699ddfbe41134",
  "howCreated": "InsertVisualButton"
}