{
  "name": "Navy",
  "dataColors": [
    "#35656c",
    "#488d94",
    "#dbeae3",
    "#77b6bb",
    "#243642"
  ],
  "visualStyles": {
    "*": {
      "*": {
        "title": [
          {
            "alignment": "center",
            "fontSize": 20
          }
        ],
        "categoryAxis": [
          {
            "showAxisTitle": false
          }
        ],
        "valueAxis": [
          {
            "showAxisTitle": false
          }
        ]
      }
    }
  }
}