{
  "$schema": "https://developer.microsoft.com/json-schemas/fabric/item/report/definition/visualContainer/2.3.0/schema.json",
  "name": "1da42c9a6de4127f0168",
  "position": {
    "x": 287.08860759493672,
    "y": 379.36708860759495,
    "z": 4000,
    "height": 277.97468354430379,
    "width": 459.11392405063293
  },
  "visual": {
    "visualType": "listSlicer",
    "query": {
      "queryState": {
        "Values": {
          "projections": [
            {
              "field": {
                "Column": {
                  "Expression": {
                    "SourceRef": {
                      "Entity": "Escolaridade"
                    }
                  },
                  "Property": "Escolaridade"
                }
              },
              "queryRef": "Escolaridade.Escolaridade",
              "nativeQueryRef": "Escolaridade",
              "active": true
            }
          ]
        }
      }
    },
    "expansionStates": [
      {
        "roles": [
          "Values"
        ],
        "levels": [
          {
            "queryRefs": [
              "Escolaridade.Escolaridade"
            ],
            "isCollapsed": true,
            "identityKeys": [
              {
                "Column": {
                  "Expression": {
                    "SourceRef": {
                      "Entity": "Escolaridade"
                    }
                  },
                  "Property": "Escolaridade"
                }
              }
            ],
            "isPinned": true
          }
        ],
        "root": {}
      }
    ],
    "objects": {
      "general": [
        {
          "properties": {}
        }
      ],
      "layout": [
        {
          "properties": {
            "indentation": {
              "expr": {
                "Literal": {
                  "Value": "24L"
                }
              }
            }
          }
        }
      ],
      "fillCustom": [
        {
          "properties": {
            "fillColor": {
              "solid": {
                "color": {
                  "expr": {
                    "ThemeDataColor": {
                      "ColorId": 0,
                      "Percent": 0
                    }
                  }
                }
              }
            },
            "transparency": {
              "expr": {
                "Literal": {
                  "Value": "85D"
                }
              }
            },
            "show": {
              "expr": {
                "Literal": {
                  "Value": "true"
                }
              }
            }
          },
          "selector": {
            "id": "default"
          }
        }
      ],
      "outline": [
        {
          "properties": {
            "show": {
              "expr": {
                "Literal": {
                  "Value": "false"
                }
              }
            }
          },
          "selector": {
            "id": "default"
          }
        }
      ],
      "shadowCustom": [
        {
          "properties": {
            "show": {
              "expr": {
                "Literal": {
                  "Value": "false"
                }
              }
            }
          },
          "selector": {
            "id": "default"
          }
        }
      ],
      "glowCustom": [
        {
          "properties": {
            "show": {
              "expr": {
                "Literal": {
                  "Value": "false"
                }
              }
            }
          },
          "selector": {
            "id": "default"
          }
        }
      ],
      "accentBar": [
        {
          "properties": {
            "show": {
              "expr": {
                "Literal": {
                  "Value": "false"
                }
              }
            }
          },
          "selector": {
            "id": "default"
          }
        }
      ],
      "padding": [
        {
          "properties": {
            "paddingSelection": {
              "expr": {
                "Literal": {
                  "Value": "'Custom'"
                }
              }
            }
          },
          "selector": {
            "id": "default"
          }
        }
      ]
    },
    "visualContainerObjects": {
      "title": [
        {
          "properties": {
            "fontSize": {
              "expr": {
                "Literal": {
                  "Value": "16D"
                }
              }
            },
            "fontColor": {
              "solid": {
                "color": {
                  "expr": {
                    "ThemeDataColor": {
                      "ColorId": 3,
                      "Percent": -0.25
                    }
                  }
                }
              }
            },
            "text": {
              "expr": {
                "Literal": {
                  "Value": "'Categoria'"
                }
              }
            }
          }
        }
      ]
    }
  }
}