{
  "$schema": "https://developer.microsoft.com/json-schemas/fabric/item/report/definition/visualContainer/2.3.0/schema.json",
  "name": "17e142b0a61abbb6c655",
  "position": {
    "x": 56.6674359327282,
    "y": 13.031960417639031,
    "z": 500,
    "height": 26.042726347914549,
    "width": 127.60935910478129,
    "tabOrder": 3000
  },
  "visual": {
    "visualType": "shape",
    "objects": {
      "shape": [
        {
          "properties": {
            "tileShape": {
              "expr": {
                "Literal": {
                  "Value": "'line'"
                }
              }
            }
          }
        }
      ],
      "rotation": [
        {
          "properties": {
            "shapeAngle": {
              "expr": {
                "Literal": {
                  "Value": "0L"
                }
              }
            }
          }
        }
      ]
    },
    "visualContainerObjects": {
      "general": [
        {
          "properties": {
            "keepLayerOrder": {
              "expr": {
                "Literal": {
                  "Value": "true"
                }
              }
            }
          }
        }
      ]
    }
  },
  "parentGroupName": "9907d62699ddfbe41134",
  "howCreated": "InsertVisualButton"
}