{
  "version": "1.1.0",
  "diagrams": [
    {
      "ordinal": 0,
      "scrollPosition": {
        "x": 0,
        "y": 0
      },
      "nodes": [
        {
          "location": {
            "x": 0,
            "y": 0
          },
          "nodeIndex": "Planilha1",
          "nodeLineageTag": "c3750428-6fc4-4411-a230-c605ce5f74dd",
          "size": {
            "height": 300,
            "width": 234
          },
          "zIndex": 0
        },
        {
          "location": {
            "x": 284,
            "y": 74
          },
          "nodeIndex": "Genero",
          "nodeLineageTag": "a4dd0c81-8671-46e7-b051-b0f4ad35fa69",
          "size": {
            "height": 152,
            "width": 234
          },
          "zIndex": 0
        },
        {
          "location": {
            "x": 568,
            "y": 62
          },
          "nodeIndex": "Genero (2)",
          "nodeLineageTag": "b425b40d-fe51-4241-b261-819ab8a61815",
          "size": {
            "height": 176,
            "width": 234
          },
          "zIndex": 0
        },
        {
          "location": {
            "x": 852,
            "y": 98
          },
          "nodeIndex": "Tabela",
          "nodeLineageTag": "0d2169cf-f172-4175-973b-090aff8d8058",
          "size": {
            "height": 104,
            "width": 234
          },
          "zIndex": 0
        }
      ],
      "name": "Todas as tabelas",
      "zoomValue": 100,
      "pinKeyFieldsToTop": false,
      "showExtraHeaderInfo": false,
      "hideKeyFieldsWhenCollapsed": false,
      "tablesLocked": false
    }
  ],
  "selectedDiagram": "Todas as tabelas",
  "defaultDiagram": "Todas as tabelas"
}